gene_1	gene_2	P	tau_05	tau_01	tau_001	snp_pairs	P_tau_05	P_tau_01	P_tau_001	min_P
HYAL1	HYAL3	0.5	0	0	1	rs2189691_rs2236952,rs11714286_rs2236952,rs11130228_rs2236952,rs2526398_rs916288,rs11712056_rs2236952,rs11720964_rs4547694,rs11130228_rs11707940,rs2526398_rs4348025	0.6666666666666666	0.5	0.6666666666666666	0.5
HYAL1	SPAM1	0.75	0	1	1	rs2189691_rs2236952,rs11130228_rs2236952	0.75	0.75	0.75	0.75
HYAL3	SPAM1	0.75	0	0	1	rs2189691_rs2236952,rs11714286_rs2236952,rs2526398_rs916288,rs11712056_rs2236952,rs11130228_rs2236952,rs2526398_rs4348025	0.75	0.75	0.75	0.75
IP6K1	IP6K2	1	0	0	1	rs11707940_rs11720964,rs11707940_rs695238	1	1	1	1
MST1	MST1R	1	0	0	1	rs11712056_rs2236952,rs11130228_rs11707940,rs11130228_rs2236952,rs11707940_rs695238,rs11707940_rs2276864,rs11707940_rs13100903,rs11714286_rs2236952,rs2526398_rs916288,rs2189691_rs2236952,rs11720964_rs4547694	1	1	1	1
PLXNB1	RHOA	1	0	0	0	rs11720964_rs6442124,rs13064780_rs6442124,rs11720964_rs4858795,rs13064780_rs4858795,rs11720964_rs2267844,rs13064780_rs2267844	1	1	1	1
SLC22A4	SLC22A5	0.3333333333333333	0	0	0	rs6897597_rs7733502,rs274550_rs4705927,rs4705927_rs6868372,rs10076701_rs162899,rs10076701_rs381870,rs10076701_rs6897597,rs162899_rs200838,rs162899_rs274555,rs274555_rs381870,rs11242110_rs381870,rs2070722_rs381870,rs11242110_rs162889,rs162889_rs2070722,rs200838_rs6897597,rs200838_rs6868372,rs274555_rs6897597,rs10072700_rs6897597,rs1859085_rs7733502,rs10076701_rs1859085,rs1859085_rs381870,rs1859085_rs200838,rs1859085_rs274555	0.6666666666666666	0.3333333333333333	0.3333333333333333	0.3333333333333333
